title,creators,abstractNote,conferenceName,date,language,url,libraryCatalog,tags
A deep learning based approach for detecting panels in photovoltaic plants,GrecoAntonio,Photovoltaic (PV) panels are a clean and widespread way to produce renewable energy from sunlight; at the same time， such plants require maintenance， since solar panels can be affected by many types of damaging factors and have a limited yet variable lifespan. With the impressive growth of such PV installations， it is in the public eye the need of a cheap and effective way to continuously monitor the state of the plants and a standard technique designed to promptly replace broken modules， in order to prevent drops in the energy production. Since the faults mainly appear as Hot Spots on the surface of the PV panels， aerial thermal imaging can be used to diagnose such problems and also locate them in huge plants. To this aim， dedicated automatic Computer Vision methods are able to automatically find hot spots from thermal images， where they appear as white stains. In these methods a fundamental step is the segmentation of the PV panels， which allows to automatically detect each module.,APPIS 2020: 3rd International Conference on Applications of Intelligent Systems,2020-01-07,en,https://dl.acm.org/doi/10.1145/3378184.3378185,DOI.org (Crossref),[]
Real-time model base fault diagnosis of PV panels using statistical signal processing,DavarifarM.,This paper proposes new method of monitoring and fault detection in photovoltaic systems， based mainly on the analysis of the power losses of the photovoltaic system (PV) by using statistical signal processing. Firstly， real time new universal circuit based model of photovoltaic panels is presented. Then， the development of software fault detection on a real installation is performed under the MATLAB/Simulink environment. With model based fault diagnosis analysis， residual signal from comparing Simulink and real model is generated. To observe clear alarm signal from arbitrary data captured， Wald test technic is applied on residual signal. A model residual based on Sequential Probability Ratio Test (WSPRT) framework for electrical fault diagnosis in PV system is introduced.,2013 International Conference on Renewable Energy Research and Applications (ICRERA),2013-10,,https://ieeexplore.ieee.org/document/6749826,IEEE Xplore,"['Fault diagnosis', 'Integrated circuit modeling', 'Mathematical model', 'Monitoring', 'PV system', 'Photovoltaic systems', 'Real-time systems', 'Renewable energy sources', 'faults diagnosis', 'real time modeling']"
Fault Detection and Diagnosis of Photovoltaic Systems through I-V Curve Analysis,ZbibBatoul,This work presents an algorithm to detect and diagnose faults in PhotoVoltaic (PV) systems based on the I-V curve analysis. Three types of faults are investigated: mismatch and shading faults， connectivity faults and short circuit faults. The PV system is modeled using MATLAB/Simulink to simulate the faulty I-V curve behavior for each fault. During each simulation， the I-V curve is examined and compared with that during normal operation (without faults)， in order to identify and characterize the anomalies. The different faulty modes affect the I-V characteristics of the PV string in different ways， leaving distinct signatures during its operation. Four attributes are extracted allowing for classification of faults into five classes. For some classes involving more than one fault， further analysis and comparison is carried out to allow discrimination between them. Results show that the proposed technique has good performance in detecting faults even if they are not severe.,"2020 International Conference on Electrical, Communication, and Computer Engineering (ICECCE)",2020-06,,https://ieeexplore.ieee.org/abstract/document/9179390,IEEE Xplore,"['Circuit faults', 'Fault detection', 'Fault diagnosis', 'I-V curve analysis', 'Integrated circuit modeling', 'Mathematical model', 'PV string', 'Radiation effects', 'Temperature', 'fault detection and diagnosis', 'faults', 'photovoltaic systems', 'symptoms']"
Lightweight and Efficient Distributed Photovoltaic Panel Defect Detection Model,GuYi,In the detection of defects in distributed photovoltaic (PV) panel， it is crucial to balance the high precision required for defect detection with the practical challenges of deploying models on low-resource devices. To address this challenge， this paper proposes the YOLOv8-PV model based on YOLOv8. Firstly， a shared-parameter detection head is designed to accelerate training and better learn defect features. A lightweight and high-performance PCONV is incorporated into the detection head to enhance higher throughput and lower memory access. Additionally， a Context Guided block is introduced to reduce computational complexity. Finally， an improved MLCA attention mechanism is added to enhance detection accuracy. Experimental results on a distributed photovoltaic panel dataset demonstrate that the YOLOv8-PV model achieves a reduction in Params， GFLOPS， and model size by 50.0%， 60.4%， and 46.6%， respectively， compared to the baseline model. Additionally， the mAP50 is improved by 1.8%.,2024 4th International Conference on Computer Science and Blockchain (CCSB),2024-09,,https://ieeexplore.ieee.org/document/10735631/,IEEE Xplore,"['Computational modeling', 'Defect detection', 'Feature extraction', 'Head', 'Lightweight', 'Object detection', 'Optimization', 'Performance evaluation', 'Photovoltaic panel', 'Photovoltaic systems', 'Throughput', 'Training', 'YOLOv8', 'defect detection']"
"Run, Don't Walk: Chasing Higher FLOPS for Faster Neural Networks",ChenJierun,To design fast neural networks， many works have been focusing on reducing the number of floating-point operations (FLOPs). We observe that such reduction in FLOPs， however， does not necessarily lead to a similar level of reduction in latency. This mainly stems from inefficiently low floating-point operations per second (FLOPS). To achieve faster networks， we revisit popular operators and demonstrate that such low FLOPS is mainly due to frequent memory access of the operators， especially the depthwise convolution. We hence propose a novel partial convolution (PConv) that extracts spatial features more efficiently， by cutting down redundant computation and memory access simultaneously. Building upon our PConv， we further propose FasterNet， a new family of neural networks， which attains substantially higher running speed than others on a wide range of devices， without compromising on accuracy for various vision tasks. For example， on ImageNet1k， our tiny FasterNet-T0 is 2.8×， 3.3×， and 2.4× faster than MobileViT-XXS on GPU， CPU， and ARM processors， respectively， while being 2.9% more accurate. Our large FasterNet-L achieves impressive 83.5% top-1 accuracy， on par with the emerging Swin-B， while having 36% higher inference throughput on GPU， as well as saving 37% compute time on CPU. Code is available at https://github. com/JierunChen/FasterNet.,2023 IEEE/CVF Conference on Computer Vision and Pattern Recognition (CVPR),6/2023,en,https://ieeexplore.ieee.org/document/10203371/,DOI.org (Crossref),[]
PV-DETR: A Multimodal Fault Detection Model of PV Arrays based on Parallel Block Attention,ChenWanghu,Detection of faults in photovoltaic arrays can reduce power generation losses and extend the equipment’s lifespan. Traditional operation and maintenance of photovoltaic power stations primarily rely on electrical characteristics or infrared images. However， data from a single modality are susceptible to environmental interference， affecting detection accuracy. To address these issues， we propose a model called PV-DETR for fault detection in photovoltaic arrays under complex environmental conditions. This model is an extension of RT-DETRv2， which leverages the Transformer architecture for feature extraction and decoding. The model employs a PResNet50 module instead of the original ResNet50， along with haar wavelet downsampling and a parallel block attention mechanism. The PResNet50 module can reduce dimensionality while minimizing information loss. Haar wavelet downsampling retains the original global information and compresses feature maps effectively， and the parallel block attention mechanism significantly enhances the detection of small infrared targets. Experimental results show that the final PV-DETR model achieves an average accuracy of 89% and an average recall of 85% in fault detection using multimodal data， outperforming existing models， including the original RT-DETRv2.,2024 IEEE International Conference on Big Data (BigData),2024-12,,https://ieeexplore.ieee.org/document/10826130/?arnumber=10826130,IEEE Xplore,"['Arrays', 'Computational modeling', 'Data models', 'Fault detection', 'Image coding', 'Maintenance', 'Photovoltaic systems', 'RT-DETRv2', 'Real-time systems', 'Transformers', 'Wavelet transforms', 'fault detection', 'infrared images', 'multimodal', 'photovoltaic array']"
AI-Based PV Panels Inspection using an Advanced YOLO Algorithm,HaerumanAgus,The rapid growth of solar photovoltaic (PV) systems as green energy sources has gained momentum in recent years. However， the anomalies of PV panel defects can reduce its efficiency and minimize energy harvesting from the plant. The manual inspection of PV panel defects throughout the plant is costly and time-consuming. Thus， implementing more intelligent ways to inspect solar panel defects will provide more benefits than traditional ones. This study presents an implementation of a deep learning model to detect solar panel defects using an advanced object detection algorithm called You Look Only Once， version 7 (YOLOv7). YOLO is a popular algorithm in computer vision for classification and localization. The dataset utilized in this study was sourced from ROBOFLOW， consisting of 1660 infrared images showcasing thermal defects in PV panels. The model was constructed to identify a broader range of images with heterogeneity， leveraging the aforementioned dataset. Following validation， the model demonstrates a mean Average Precision (mAP) of 85.9%. With this accuracy， the model is relevant for real-world applications. This assertion is affirmed by testing the model with additional data from separate video-capturing PV panels. The video was recorded using a drone equipped with a thermal camera.,Renewable Energy: Generation and Application,2024-08-15,en,https://www.mrforum.com/product/9781644903216-30,DOI.org (Crossref),[]
Towards Efficient Solar Panel Inspection: A YOLO-based Method for Hotspot Detection,AmeerdinMuhammad Irshat,Solar energy that captured by the photovoltaic (PV) cells has gained recognition as an important factor in the global search for sustainable and clean energy sources in recent years. One of the Sustainable Development Goals (SDG) that solar technology directly supports is Affordable and Clean Energy. It can help increase access to clean energy sources by improving the efficiency and dependability of solar panels through minimizing its defects. However， a variety of defects can shorten the lifespan and effectiveness of PV array， which are crucial components of solar energy systems. The study concentrates on detecting hotspots on solar panels， identifiable through thermal imaging technology. This project aims to develop a deep learning-based approach for defect detection of solar panels. The project unfolds with a primary goal， that is designing the integration of a thermal sensor and deep learning to detect and identify defects in PV panels. It follows with crafting a robust algorithm within the deep learning environment for effective defect detection and identification. Next， the algorithm's performance will be evaluated， emphasizing its reliability and accuracy in enhancing defect detection. The process begins with physically examining a solar panel， followed by using a drone-mounted thermal camera to capture thermal images. After obtaining enough data， the images undergo model generation by labelling and annotation process using Roboflow. The model is then tested and trained for defect detection using YOLOv8. Once the desired accuracy is reached， the dataset is formatted. A user-friendly graphical interface is developed for ease of interaction. Then， the system's performance is evaluated using a confusion matrix to gauge the effectiveness of the defect detection approach. The panel's defect will be confirmed with the manual inspection. Based on the early result obtained， the model's confidence level that has been acquired is 76%.,2024 IEEE 14th Symposium on Computer Applications & Industrial Electronics (ISCAIE),2024-05,,https://ieeexplore.ieee.org/abstract/document/10576312,IEEE Xplore,"['Accuracy', 'Deep Learning', 'Deep learning', 'Hotspots', 'Refining', 'Roboflow', 'Solar Panel', 'Solar energy', 'System performance', 'Thermal sensors', 'Training', 'YOLO']"
Infrared Thermography Based Hotspot Detection Of Photovoltaic Module using YOLO,TajwarTahmid,Regarding clean energy production high curiosity is gained by Solar Photovoltaic (PV) worldwide. Faults in the PV modules cause significant issues for the PV systems. Detecting faults of PV modules could help to take the necessary measures. This study uses Infrared thermography (IRT) to detect the hotspot of PV modules. The objective is to develop a hotspot detection tool using ‘YOLO: You Only Look once.’ The images are converted into a data set for a classifier to detect the hotspot of PV modules. Then the learner is trained and tested with the dataset. After that， the output validates with the IRT images of PV modules. The outcome of this study is to apply a real-time object detection tool identifying the defect of the PV module. The result shows that with a more diversified data set， the confidence of detecting the hotspot increases.,2021 IEEE 12th Energy Conversion Congress & Exposition - Asia (ECCE-Asia),2021-05,,https://ieeexplore.ieee.org/document/9478998/?arnumber=9478998,IEEE Xplore,"['Asia', 'Condition monitoring', 'Detectors', 'Infrared thermography', 'Object detection', 'Photovoltaic systems', 'Production', 'Tools', 'YOLO', 'hotspot', 'machine learning', 'photovoltaic']"
Fault Detection of the Solar Photovoltaic Modules Using YOLO Models,MalikParveen,The growing adoption of solar panels， driven by climate change concerns， underscores the importance of ensuring the reliability of photovoltaic (PV) modules. However， outdoor PV modules deployment face a range of environmental challenges such as extreme temperatures， chemical exposure， and mechanical stress which can lead to aging， defects， and degradation. This research introduces a novel approach for identifying faults in solar photovoltaic (PV) modules. Leveraging deep learning techniques from the You Only Look Once (YOLO) family， specifically the recent YOLOv8 and YOLOv9 models， this paper aims to enhance the reliability and performance of PV systems by accurately detecting and classifying module defects to a thermal images database containing three photo-voltaic cell defects. By automating the fault detection process through computer vision， this work contributes to the ongoing efforts to optimize solar energy generation and maintenance. Further， YOLOv5， YOLOv6， and YOLOv7 are also trained， validated， and tested. The results showed that the novel technique of the GELAN architecture-based model outperformed all other models trained on the custom dataset of thermal images of solar PV modules， achieving a mean average precision (mAP) of 70.4%.,2024 IEEE Region 10 Symposium (TENSYMP),2024-09,,https://ieeexplore.ieee.org/document/10752194,IEEE Xplore,"['Computational modeling', 'Fault detection', 'Image databases', 'Maintenance', 'Microprocessors', 'Photo Voltaic', 'Solar energy', 'Solar panels', 'Stress', 'Temperature distribution', 'YOLO', 'generalized efficient layer aggregation network', 'infrared thermography', 'mAP', 'object detection', 'solar cell']"
Efficient Multi-Scale Attention Module with Cross-Spatial Learning,OuyangDaliang,Remarkable effectiveness of the channel or spatial attention mechanisms for producing more discernible feature representation are illustrated in various computer vision tasks. However， modeling the cross-channel relationships with channel dimensionality reduction may bring side effect in extracting deep visual representations. In this paper， a novel efficient multi-scale attention (EMA) module is proposed. Focusing on retaining the information on per channel and decreasing the computational overhead， we reshape the partly channels into the batch dimensions and group the channel dimensions into multiple sub-features which make the spatial semantic features well-distributed inside each feature group. Specifically， apart from encoding the global information to re-calibrate the channel-wise weight in each parallel branch， the output features of the two parallel branches are further aggregated by a cross-dimension interaction for capturing pixel-level pairwise relationship. We conduct extensive ablation studies and experiments on image classification and object detection tasks with popular benchmarks (e.g.， CIFAR-100， ImageNet-1k， MS COCO and VisDrone2019) for evaluating its performance.,,2023-6-4,,http://arxiv.org/abs/2305.13563,arXiv.org,"['Computer Science - Artificial Intelligence', 'Computer Science - Computer Vision and Pattern Recognition']"
EfficientNet: Rethinking Model Scaling for Convolutional Neural Networks,TanMingxing,Convolutional Neural Networks (ConvNets) are commonly developed at a fixed resource budget， and then scaled up for better accuracy if more resources are given. In this paper， we systematically study model scaling and identify that carefully balancing network depth， width， and resolution can lead to better performance. Based on this observation， we propose a new scaling method that uniformly scales all dimensions of depth/width/resolution using a simple yet highly effective compound coefficient. We demonstrate the effectiveness of this method on MobileNets and ResNet. To go even further， we use neural architecture search to design a new baseline network and scale it up to obtain a family of models， called EfficientNets， which achieve much better accuracy and efficiency than previous ConvNets. In particular， our EfficientNet-B7 achieves stateof-the-art 84.4% top-1 / 97.1% top-5 accuracy on ImageNet， while being 8.4x smaller and 6.1x faster on inference than the best existing ConvNet (Huang et al.， 2018). Our EfficientNets also transfer well and achieve state-of-the-art accuracy on CIFAR-100 (91.7%)， Flower (98.8%)， and 3 other transfer learning datasets， with an order of magnitude fewer parameters.,International Conference on Machine Learning,2019-05-24,en,https://proceedings.mlr.press/v97/tan19a.html,proceedings.mlr.press,[]
DETRs Beat YOLOs on Real-time Object Detection,ZhaoYian,The YOLO series has become the most popular framework for real-time object detection due to its reasonable trade-off between speed and accuracy. However， we observe that the speed and accuracy of YOLOs are negatively affected by the NMS. Recently， end-to-end Transformer-based detectors (DETRs) have provided an alternative to eliminating NMS. Nevertheless， the high computational cost limits their practicality and hinders them from fully exploiting the advantage of excluding NMS. In this paper， we propose the Real-Time DEtection TRansformer (RT-DETR)， the first real-time end-to-end object detector to our best knowledge that addresses the above dilemma. We build RT-DETR in two steps， drawing on the advanced DETR: first we focus on maintaining accuracy while improving speed， followed by maintaining speed while improving accuracy. Specifically， we design an efficient hybrid encoder to expeditiously process multi-scale features by decoupling intra-scale interaction and cross-scale fusion to improve speed. Then， we propose the uncertainty-minimal query selection to provide high-quality initial queries to the decoder， thereby improving accuracy. In addition， RT-DETR supports flexible speed tuning by adjusting the number of decoder layers to adapt to various scenarios without retraining. Our RT-DETR-R50 / R101 achieves 53.1% / 54.3% AP on COCO and 108 / 74 FPS on T4 GPU， outperforming previously advanced YOLOs in both speed and accuracy. Furthermore， RT-DETR-R50 outperforms DINO-R50 by 2.2% AP in accuracy and about 21 times in FPS. After pre-training with Objects365， RTDETR-R50 / R101 achieves 55.3% / 56.2% AP. The project page: https://zhao-yian.github.io/RTDETR.,2024 IEEE/CVF Conference on Computer Vision and Pattern Recognition (CVPR),2024-6-16,en,https://ieeexplore.ieee.org/document/10657220/,DOI.org (Crossref),[]
DETRs Beat YOLOs on Real-time Object Detection,ZhaoYian,The YOLO series has become the most popular framework for real-time object detection due to its reasonable trade-off between speed and accuracy. However， we observe that the speed and accuracy of YOLOs are negatively affected by the NMS. Recently， end-to-end Transformer-based detectors (DETRs) have provided an alternative to eliminating NMS. Nevertheless， the high computational cost limits their practicality and hinders them from fully exploiting the advantage of excluding NMS. In this paper， we propose the Real-Time DEtection TRansformer (RT-DETR)， the first real-time end-to-end object detector to our best knowledge that addresses the above dilemma. We build RT-DETR in two steps， drawing on the advanced DETR: first we focus on maintaining accuracy while improving speed， followed by maintaining speed while improving accuracy. Specifically， we design an efficient hybrid encoder to expeditiously process multi-scale features by decoupling intra-scale interaction and cross-scale fusion to improve speed. Then， we propose the uncertainty-minimal query selection to provide high-quality initial queries to the decoder， thereby improving accuracy. In addition， RT-DETR supports flexible speed tuning by adjusting the number of decoder layers to adapt to various scenarios without retraining. Our RT-DETR-R50 / R101 achieves 53.1% / 54.3% AP on COCO and 108 / 74 FPS on T4 GPU， outperforming previously advanced YOLOs in both speed and accuracy. Furthermore， RT-DETR-R50 outperforms DINO-R50 by 2.2% AP in accuracy and about 21 times in FPS. After pre-training with Objects365， RTDETR-R50 / R101 achieves 55.3% / 56.2% AP. The project page: https://zhao-yian.github.io/RTDETR.,2024 IEEE/CVF Conference on Computer Vision and Pattern Recognition (CVPR),2024-6-16,en,https://ieeexplore.ieee.org/document/10657220/,DOI.org (Crossref),[]
Strip Pooling: Rethinking Spatial Pooling for Scene Parsing,HouQibin,Spatial pooling has been proven highly effective in capturing long-range contextual information for pixel-wise prediction tasks， such as scene parsing. In this paper， beyond conventional spatial pooling that usually has a regular shape of N × N ， we rethink the formulation of spatial pooling by introducing a new pooling strategy， called strip pooling， which considers a long but narrow kernel， i.e.， 1 × N or N × 1. Based on strip pooling， we further investigate spatial pooling architecture design by 1) introducing a new strip pooling module that enables backbone networks to efﬁciently model long-range dependencies， 2) presenting a novel building block with diverse spatial pooling as a core， and 3) systematically comparing the performance of the proposed strip pooling and conventional spatial pooling techniques. Both novel pooling-based designs are lightweight and can serve as an efﬁcient plugand-play module in existing scene parsing networks. Extensive experiments on popular benchmarks (e.g.， ADE20K and Cityscapes) demonstrate that our simple approach establishes new state-of-the-art results. Code is available at https://github.com/Andrew-Qibin/SPNet.,2020 IEEE/CVF Conference on Computer Vision and Pattern Recognition (CVPR),6/2020,en,https://ieeexplore.ieee.org/document/9157204/,DOI.org (Crossref),[]
Oriented R-CNN for Object Detection,XieXingxing,,Proceedings of the IEEE/CVF International Conference on Computer Vision,2021,en,https://openaccess.thecvf.com/content/ICCV2021/html/Xie_Oriented_R-CNN_for_Object_Detection_ICCV_2021_paper.html,openaccess.thecvf.com,[]
ImageNet Classification with Deep Convolutional Neural Networks,KrizhevskyAlex,We trained a large， deep convolutional neural network to classify the 1.3 million high-resolution images in the LSVRC-2010 ImageNet training set into the 1000 different classes. On the test data， we achieved top-1 and top-5 error rates of 39.7\% and 18.9\% which is considerably better than the previous state-of-the-art results. The neural network， which has 60 million parameters and 500，000 neurons， consists of five convolutional layers， some of which are followed by max-pooling layers， and two globally connected layers with a final 1000-way softmax. To make training faster， we used non-saturating neurons and a very efficient GPU implementation of convolutional nets. To reduce overfitting in the globally connected layers we employed a new regularization method that proved to be very effective.,,2012,,https://proceedings.neurips.cc/paper/2012/hash/c399862d3b9d6b76c8436e924a68c45b-Abstract.html,Neural Information Processing Systems,[]
Swin Transformer: Hierarchical Vision Transformer using Shifted Windows,LiuZe,This paper presents a new vision Transformer， called Swin Transformer， that capably serves as a general-purpose backbone for computer vision. Challenges in adapting Transformer from language to vision arise from differences between the two domains， such as large variations in the scale of visual entities and the high resolution of pixels in images compared to words in text. To address these differences， we propose a hierarchical Transformer whose representation is computed with Shifted windows. The shifted windowing scheme brings greater efﬁciency by limiting self-attention computation to non-overlapping local windows while also allowing for cross-window connection. This hierarchical architecture has the ﬂexibility to model at various scales and has linear computational complexity with respect to image size. These qualities of Swin Transformer make it compatible with a broad range of vision tasks， including image classiﬁcation (87.3 top-1 accuracy on ImageNet-1K) and dense prediction tasks such as object detection (58.7 box AP and 51.1 mask AP on COCO testdev) and semantic segmentation (53.5 mIoU on ADE20K val). Its performance surpasses the previous state-of-theart by a large margin of +2.7 box AP and +2.6 mask AP on COCO， and +3.2 mIoU on ADE20K， demonstrating the potential of Transformer-based models as vision backbones. The hierarchical design and the shifted window approach also prove beneﬁcial for all-MLP architectures. The code and models are publicly available at https://github. com/microsoft/Swin-Transformer.,2021 IEEE/CVF International Conference on Computer Vision (ICCV),10/2021,en,https://ieeexplore.ieee.org/document/9710580/,DOI.org (Crossref),[]
Deep Residual Learning for Image Recognition,HeKaiming,Deeper neural networks are more difﬁcult to train. We present a residual learning framework to ease the training of networks that are substantially deeper than those used previously. We explicitly reformulate the layers as learning residual functions with reference to the layer inputs， instead of learning unreferenced functions. We provide comprehensive empirical evidence showing that these residual networks are easier to optimize， and can gain accuracy from considerably increased depth. On the ImageNet dataset we evaluate residual nets with a depth of up to 152 layers—8× deeper than VGG nets [40] but still having lower complexity. An ensemble of these residual nets achieves 3.57% error on the ImageNet test set. This result won the 1st place on the ILSVRC 2015 classiﬁcation task. We also present analysis on CIFAR-10 with 100 and 1000 layers.,2016 IEEE Conference on Computer Vision and Pattern Recognition (CVPR),6/2016,en,http://ieeexplore.ieee.org/document/7780459/,DOI.org (Crossref),[]
SCConv: Spatial and Channel Reconstruction Convolution for Feature Redundancy,LiJiafeng,Convolutional Neural Networks (CNNs) have achieved remarkable performance in various computer vision tasks but this comes at the cost of tremendous computational resources， partly due to convolutional layers extracting redundant features. Recent works either compress well-trained large-scale models or explore well-designed lightweight models. In this paper， we make an attempt to exploit spatial and channel redundancy among features for CNN compression and propose an efficient convolution module， called SCConv (Spatial and Channel reconstruction Convolution)， to decrease redundant computing and facilitate representative feature learning. The proposed SCConv consists of two units: spatial reconstruction unit (SRU) and channel reconstruction unit (CRU). SRU utilizes a separate-and-reconstruct method to suppress the spatial redundancy while CRU uses a split-transform-andfuse strategy to diminish the channel redundancy. In addition， SCConv is a plug-and-play architectural unit that can be used to replace standard convolution in various convolutional neural networks directly. Experimental results show that SCConv-embedded models are able to achieve better performance by reducing redundant features with significantly lower complexity and computational costs.,2023 IEEE/CVF Conference on Computer Vision and Pattern Recognition (CVPR),6/2023,en,https://ieeexplore.ieee.org/document/10204928/,DOI.org (Crossref),['important-model']
Traffic signal coordination for emergency vehicles,KangWenwen,Reducing travel time of emergency vehicles (EVs) has a potential in significant savings of life and property. Integrating modern intelligent transportation system (ITS) with EV signal preemption seems to be a solution. But existing EV signal preemption systems often break the current signal coordination and impact a lot on the normal traffic streams. In this paper we propose an emergency vehicle signal coordination (EVSC) approach， which is intended to provide “green wave” for EVs. Traffic simulations are conducted along an emergency corridor with 8 intersections in Qingdao， China. Multiple traffic measurements are compared between simulation outputs with and without EVSC operation. The result indicates that the proposed approach can reduce EV travel time by 26.9% without too much negative impact on the normal traffic streams.,17th International IEEE Conference on Intelligent Transportation Systems (ITSC),2014-10,,https://ieeexplore.ieee.org/abstract/document/6957683,IEEE Xplore,"['Cities and towns', 'Delays', 'Mathematical model', 'Roads', 'Traffic control', 'Vehicles']"
Optimal Motion Control for Connected and Automated Electric Vehicles at Signal-Free Intersections,PanXiao,Traffic congestion is one of the major issues for urban traffic networks. The connected and autonomous vehicles (CAV) is an emerging technology that has the potential to address this issue by improving safety， efficiency， and capacity of the transportation system. In this paper， the problem of optimal trajectory planning of battery-electric CAVs in the context of cooperative crossing of an unsignalized intersection is addressed. An optimization-based centralized intersection controller is proposed to find the optimal velocity trajectory of each vehicle so as to minimize electric energy consumption and traffic throughput. Solving the underlying optimization problem for a group of CAVs is not straightforward because of the nonlinear and nonconvex dynamics， especially when the powertrain model is explicitly modelled. In order to ensure a rapid solution search and a unique global optimum， the optimal control problem (OCP) is reformulated via convex modeling techniques. Several simulation case studies show the effectiveness of the proposed approach and the trade-off between energy consumption and traffic throughput is illustrated.,2020 59th IEEE Conference on Decision and Control (CDC),2020-12,,https://ieeexplore.ieee.org/abstract/document/9304392,IEEE Xplore,"['Batteries', 'Energy consumption', 'Mechanical power transmission', 'Safety', 'Torque', 'Trajectory', 'Vehicle dynamics']"
Latency-Robust Control of High-Speed Signal-Free Intersections,LiuYang,High-speed signal-free intersections are a novel urban traffic operation enabled by connected and autonomous vehicles. However， the impact of communication latency on intersection performance has not been well understood. In this paper， we consider vehicle coordination at signal-free intersections with latency. We focus on two questions: (i) how to ensure latency-resiliency of the coordination algorithm， and (ii) how latency affects the intersection's capacity. We consider a trajectory-based model with bounded speed uncertainties. Latency leads to uncertain state observation. We propose a piecewise-linear control law that ensures safety (avoidance of interference) as long as the initial condition is safe. We also analytically quantify the throughput that the proposed control can attain in the face of latency.,2021 American Control Conference (ACC),2021-05,,https://ieeexplore.ieee.org/abstract/document/9482689,IEEE Xplore,"['Autonomous vehicles', 'Faces', 'Interference', 'Safety', 'Signal-free intersections', 'Throughput', 'Uncertainty', 'connected and autonomous vehicles', 'robust control']"
Development of Autonomous Drones for Adaptive Obstacle Avoidance in Real World Environments,DevosArne,Recently， drones have been involved in several critical tasks such as infrastructure inspection， crisis response， and search and rescue operations. Such drones mostly use sophisticated computer vision techniques to effectively avoid obstacles and， thereby， require high computational power. Therefore， this work tuned and tested a computationally inexpensive algorithm， previously developed by the authors， for adaptive obstacle avoidance control of a drone. The algorithm aims at protecting the drone from entering in complex situations such as deadlocks and corners. The algorithm has been validated through simulation and implemented on a newly developed drone platform for infrastructure inspection. The design of the drone platform and the experimental results are presented in this study.,2018 21st Euromicro Conference on Digital System Design (DSD),2018-08,,https://ieeexplore.ieee.org/document/8491889,IEEE Xplore,"['Adaptive obstacle avoidance', 'Autonomous drone system', 'Collision avoidance', 'Drones', 'Implementation', 'Laser radar', 'Navigation', 'Propellers', 'Signal processing algorithms', 'Simulation', 'System recovery']"
Deep Reinforcement Learning for Persistent Cruise Control in UAV-aided Data Collection,KurunathanHarrison,Autonomous UAV cruising is gaining attention due to its flexible deployment in remote sensing， surveillance， and reconnaissance. A critical challenge in data collection with the autonomous UAV is the buffer overflows at the ground sensors and packet loss due to lossy airborne channels. Trajectory planning of the UAV is vital to alleviate buffer overflows as well as channel fading. In this work， we propose a Deep Deterministic Policy Gradient based Cruise Control (DDPG-CC) to reduce the overall packet loss through online training of headings and cruise velocity of the UAV， as well as the selection of the ground sensors for data collection. Preliminary performance evaluation demonstrates that DDPG-CC reduces the packet loss rate by under 5% when sufficient training is provided to the UAV.,2021 IEEE 46th Conference on Local Computer Networks (LCN),2021-10,,https://ieeexplore.ieee.org/document/9525022,IEEE Xplore,"['Autonomous UAV', 'Buffer overflows', 'Cruise control', 'Data collection', 'Deep reinforcement learning', 'Packet loss', 'Reinforcement learning', 'Training', 'Trajectory planning', 'UAV-aided WSN', 'Wireless sensor networks']"
